model,test,n_scored,n_total,q_sem,q_strict,ci_lo,ci_hi,coverage,median_wall_s
qwen3:8b,HOME-01,12,24,1.0000,1.0000,1.0000,1.0000,0.500,1.00
gemma3:12b,HOME-01,12,24,0.9861,0.0000,0.9722,1.0000,0.500,7.50
qwen3:14b,HOME-01,12,24,0.9722,0.9722,0.9306,1.0000,0.500,7.19
qwen3.5:4b,HOME-01,24,24,0.9444,0.9444,0.9097,0.9722,1.000,0.74
mistral-nemo:12b,HOME-01,12,24,0.9236,0.9236,0.8542,0.9792,0.500,2.99
llama3.1:8b,HOME-01,24,24,0.8854,0.8854,0.8507,0.9201,1.000,0.82
aya-expanse:8b,HOME-01,24,24,0.8576,0.8576,0.8160,0.8958,1.000,1.30
qwen3:1.7b,HOME-01,24,24,0.8507,0.8507,0.8090,0.8924,1.000,0.33
lfm2.5:8b,HOME-01,24,24,0.8333,0.8333,0.7396,0.9097,1.000,3.16
deepseek-r1:8b,HOME-01,12,24,0.8056,0.6389,0.5694,0.9861,0.500,24.16
phi4-mini:latest,HOME-01,24,24,0.7951,0.0000,0.7361,0.8507,1.000,0.58
command-r7b:7b,HOME-01,12,24,0.7778,0.6389,0.7083,0.8472,0.500,1.30
bge-m3:latest,HOME-01,0,1,0.0000,0.0000,0.0000,0.0000,0.000,
functiongemma:270m,HOME-01,0,1,0.0000,0.0000,0.0000,0.0000,0.000,
glm-ocr:latest,HOME-01,0,1,0.0000,0.0000,0.0000,0.0000,0.000,
granite-code:8b-instruct,HOME-01,0,1,0.0000,0.0000,0.0000,0.0000,0.000,
granite3.2-vision:2b,HOME-01,0,1,0.0000,0.0000,0.0000,0.0000,0.000,
llama-guard3:8b,HOME-01,0,1,0.0000,0.0000,0.0000,0.0000,0.000,
nomic-embed-text:latest,HOME-01,0,1,0.0000,0.0000,0.0000,0.0000,0.000,
nuextract:3.8b,HOME-01,0,1,0.0000,0.0000,0.0000,0.0000,0.000,
qwen2.5-coder:7b,HOME-01,0,1,0.0000,0.0000,0.0000,0.0000,0.000,
qwen2.5vl:7b,HOME-01,0,1,0.0000,0.0000,0.0000,0.0000,0.000,
reader-lm:1.5b,HOME-01,0,1,0.0000,0.0000,0.0000,0.0000,0.000,
sqlcoder:7b,HOME-01,0,1,0.0000,0.0000,0.0000,0.0000,0.000,
bge-m3:latest,HOME-02,40,40,0.9234,0.9234,0.8879,0.9566,1.000,0.00
aya-expanse:8b,HOME-02,0,1,0.0000,0.0000,0.0000,0.0000,0.000,
command-r7b:7b,HOME-02,0,1,0.0000,0.0000,0.0000,0.0000,0.000,
deepseek-r1:8b,HOME-02,0,1,0.0000,0.0000,0.0000,0.0000,0.000,
functiongemma:270m,HOME-02,0,1,0.0000,0.0000,0.0000,0.0000,0.000,
gemma3:12b,HOME-02,0,1,0.0000,0.0000,0.0000,0.0000,0.000,
glm-ocr:latest,HOME-02,0,1,0.0000,0.0000,0.0000,0.0000,0.000,
granite-code:8b-instruct,HOME-02,0,1,0.0000,0.0000,0.0000,0.0000,0.000,
granite3.2-vision:2b,HOME-02,0,1,0.0000,0.0000,0.0000,0.0000,0.000,
lfm2.5:8b,HOME-02,0,1,0.0000,0.0000,0.0000,0.0000,0.000,
llama-guard3:8b,HOME-02,0,1,0.0000,0.0000,0.0000,0.0000,0.000,
llama3.1:8b,HOME-02,0,1,0.0000,0.0000,0.0000,0.0000,0.000,
mistral-nemo:12b,HOME-02,0,1,0.0000,0.0000,0.0000,0.0000,0.000,
nomic-embed-text:latest,HOME-02,0,40,0.0000,0.0000,0.0000,0.0000,0.000,
nuextract:3.8b,HOME-02,0,1,0.0000,0.0000,0.0000,0.0000,0.000,
phi4-mini:latest,HOME-02,0,1,0.0000,0.0000,0.0000,0.0000,0.000,
qwen2.5-coder:7b,HOME-02,0,1,0.0000,0.0000,0.0000,0.0000,0.000,
qwen2.5vl:7b,HOME-02,0,1,0.0000,0.0000,0.0000,0.0000,0.000,
qwen3.5:4b,HOME-02,0,1,0.0000,0.0000,0.0000,0.0000,0.000,
qwen3:1.7b,HOME-02,0,1,0.0000,0.0000,0.0000,0.0000,0.000,
qwen3:14b,HOME-02,0,1,0.0000,0.0000,0.0000,0.0000,0.000,
qwen3:8b,HOME-02,0,1,0.0000,0.0000,0.0000,0.0000,0.000,
reader-lm:1.5b,HOME-02,0,1,0.0000,0.0000,0.0000,0.0000,0.000,
sqlcoder:7b,HOME-02,0,1,0.0000,0.0000,0.0000,0.0000,0.000,
deepseek-r1:8b,HOME-03,10,16,1.0000,0.3000,1.0000,1.0000,0.625,8.64
gemma3:12b,HOME-03,10,16,1.0000,0.0000,1.0000,1.0000,0.625,7.78
lfm2.5:8b,HOME-03,16,16,0.9375,0.9375,0.8125,1.0000,1.000,1.95
llama3.1:8b,HOME-03,16,16,0.9375,0.9375,0.8125,1.0000,1.000,1.39
mistral-nemo:12b,HOME-03,10,16,0.9000,0.9000,0.7000,1.0000,0.625,3.90
qwen3:8b,HOME-03,10,16,0.9000,0.9000,0.7000,1.0000,0.625,1.48
aya-expanse:8b,HOME-03,10,16,0.8000,0.1000,0.6000,1.0000,0.625,1.81
qwen3:14b,HOME-03,10,16,0.8000,0.8000,0.5000,1.0000,0.625,7.50
qwen3.5:4b,HOME-03,16,16,0.7500,0.7500,0.5000,0.9375,1.000,1.14
qwen3:1.7b,HOME-03,16,16,0.6875,0.6875,0.4375,0.8750,1.000,0.48
phi4-mini:latest,HOME-03,16,16,0.5625,0.5625,0.3125,0.8125,1.000,0.79
command-r7b:7b,HOME-03,16,16,0.0000,0.0000,0.0000,0.0000,1.000,2.39
bge-m3:latest,HOME-03,0,1,0.0000,0.0000,0.0000,0.0000,0.000,
functiongemma:270m,HOME-03,0,1,0.0000,0.0000,0.0000,0.0000,0.000,
glm-ocr:latest,HOME-03,0,1,0.0000,0.0000,0.0000,0.0000,0.000,
granite-code:8b-instruct,HOME-03,0,1,0.0000,0.0000,0.0000,0.0000,0.000,
granite3.2-vision:2b,HOME-03,0,1,0.0000,0.0000,0.0000,0.0000,0.000,
llama-guard3:8b,HOME-03,0,1,0.0000,0.0000,0.0000,0.0000,0.000,
nomic-embed-text:latest,HOME-03,0,1,0.0000,0.0000,0.0000,0.0000,0.000,
nuextract:3.8b,HOME-03,0,1,0.0000,0.0000,0.0000,0.0000,0.000,
qwen2.5-coder:7b,HOME-03,0,1,0.0000,0.0000,0.0000,0.0000,0.000,
qwen2.5vl:7b,HOME-03,0,1,0.0000,0.0000,0.0000,0.0000,0.000,
reader-lm:1.5b,HOME-03,0,1,0.0000,0.0000,0.0000,0.0000,0.000,
sqlcoder:7b,HOME-03,0,1,0.0000,0.0000,0.0000,0.0000,0.000,
lfm2.5:8b,HOME-04,12,12,0.9167,0.9167,0.7500,1.0000,1.000,8.51
qwen3:1.7b,HOME-04,12,12,0.8333,0.8333,0.5833,1.0000,1.000,31.63
qwen3:8b,HOME-04,6,12,0.6667,0.6667,0.3333,1.0000,0.500,94.85
phi4-mini:latest,HOME-04,12,12,0.5833,0.5833,0.3333,0.8333,1.000,7.19
gemma3:12b,HOME-04,6,12,0.5000,0.5000,0.1667,0.8333,0.500,142.37
deepseek-r1:8b,HOME-04,12,12,0.3333,0.3333,0.0833,0.5833,1.000,170.78
qwen3.5:4b,HOME-04,12,12,0.1667,0.1667,0.0000,0.4167,1.000,85.87
qwen2.5-coder:7b,HOME-04,6,12,0.1667,0.1667,0.0000,0.5000,0.500,9.41
llama3.1:8b,HOME-04,6,12,0.0000,0.0000,0.0000,0.0000,0.500,13.10
mistral-nemo:12b,HOME-04,6,12,0.0000,0.0000,0.0000,0.0000,0.500,27.90
aya-expanse:8b,HOME-04,0,1,0.0000,0.0000,0.0000,0.0000,0.000,
bge-m3:latest,HOME-04,0,1,0.0000,0.0000,0.0000,0.0000,0.000,
command-r7b:7b,HOME-04,0,1,0.0000,0.0000,0.0000,0.0000,0.000,
functiongemma:270m,HOME-04,0,1,0.0000,0.0000,0.0000,0.0000,0.000,
glm-ocr:latest,HOME-04,0,1,0.0000,0.0000,0.0000,0.0000,0.000,
granite-code:8b-instruct,HOME-04,0,1,0.0000,0.0000,0.0000,0.0000,0.000,
granite3.2-vision:2b,HOME-04,0,1,0.0000,0.0000,0.0000,0.0000,0.000,
llama-guard3:8b,HOME-04,0,1,0.0000,0.0000,0.0000,0.0000,0.000,
nomic-embed-text:latest,HOME-04,0,1,0.0000,0.0000,0.0000,0.0000,0.000,
nuextract:3.8b,HOME-04,0,1,0.0000,0.0000,0.0000,0.0000,0.000,
qwen2.5vl:7b,HOME-04,0,1,0.0000,0.0000,0.0000,0.0000,0.000,
qwen3:14b,HOME-04,0,12,0.0000,0.0000,0.0000,0.0000,0.000,
reader-lm:1.5b,HOME-04,0,1,0.0000,0.0000,0.0000,0.0000,0.000,
sqlcoder:7b,HOME-04,0,1,0.0000,0.0000,0.0000,0.0000,0.000,
qwen3.5:4b,HOME-05,12,12,0.5000,0.2500,0.2500,0.8333,1.000,0.61
qwen2.5vl:7b,HOME-05,12,12,0.4167,0.4167,0.1667,0.6667,1.000,1.06
gemma3:12b,HOME-05,12,12,0.3333,0.1667,0.0833,0.5833,1.000,2.59
granite3.2-vision:2b,HOME-05,4,12,0.0000,0.0000,0.0000,0.0000,0.333,4.88
aya-expanse:8b,HOME-05,0,1,0.0000,0.0000,0.0000,0.0000,0.000,
bge-m3:latest,HOME-05,0,1,0.0000,0.0000,0.0000,0.0000,0.000,
command-r7b:7b,HOME-05,0,1,0.0000,0.0000,0.0000,0.0000,0.000,
deepseek-r1:8b,HOME-05,0,1,0.0000,0.0000,0.0000,0.0000,0.000,
functiongemma:270m,HOME-05,0,1,0.0000,0.0000,0.0000,0.0000,0.000,
glm-ocr:latest,HOME-05,0,1,0.0000,0.0000,0.0000,0.0000,0.000,
granite-code:8b-instruct,HOME-05,0,1,0.0000,0.0000,0.0000,0.0000,0.000,
lfm2.5:8b,HOME-05,0,1,0.0000,0.0000,0.0000,0.0000,0.000,
llama-guard3:8b,HOME-05,0,1,0.0000,0.0000,0.0000,0.0000,0.000,
llama3.1:8b,HOME-05,0,1,0.0000,0.0000,0.0000,0.0000,0.000,
mistral-nemo:12b,HOME-05,0,1,0.0000,0.0000,0.0000,0.0000,0.000,
nomic-embed-text:latest,HOME-05,0,1,0.0000,0.0000,0.0000,0.0000,0.000,
nuextract:3.8b,HOME-05,0,1,0.0000,0.0000,0.0000,0.0000,0.000,
phi4-mini:latest,HOME-05,0,1,0.0000,0.0000,0.0000,0.0000,0.000,
qwen2.5-coder:7b,HOME-05,0,1,0.0000,0.0000,0.0000,0.0000,0.000,
qwen3:1.7b,HOME-05,0,1,0.0000,0.0000,0.0000,0.0000,0.000,
qwen3:14b,HOME-05,0,1,0.0000,0.0000,0.0000,0.0000,0.000,
qwen3:8b,HOME-05,0,1,0.0000,0.0000,0.0000,0.0000,0.000,
reader-lm:1.5b,HOME-05,0,1,0.0000,0.0000,0.0000,0.0000,0.000,
sqlcoder:7b,HOME-05,0,1,0.0000,0.0000,0.0000,0.0000,0.000,
phi4-mini:latest,HOME-06,12,12,1.0000,0.7500,1.0000,1.0000,1.000,0.50
command-r7b:7b,HOME-06,8,12,1.0000,0.3750,1.0000,1.0000,0.667,1.03
gemma3:12b,HOME-06,8,12,1.0000,1.0000,1.0000,1.0000,0.667,5.75
mistral-nemo:12b,HOME-06,8,12,1.0000,0.5000,1.0000,1.0000,0.667,2.55
qwen3:14b,HOME-06,8,12,1.0000,1.0000,1.0000,1.0000,0.667,86.26
llama3.1:8b,HOME-06,12,12,0.9722,0.9167,0.9167,1.0000,1.000,0.78
qwen2.5-coder:7b,HOME-06,12,12,0.9167,0.7500,0.7500,1.0000,1.000,0.95
granite-code:8b-instruct,HOME-06,12,12,0.8750,0.0000,0.7361,1.0000,1.000,1.49
qwen3:8b,HOME-06,8,12,0.8750,0.8750,0.6250,1.0000,0.667,14.80
deepseek-r1:8b,HOME-06,12,12,0.6354,0.3333,0.3854,0.8854,1.000,42.58
qwen3:1.7b,HOME-06,12,12,0.5833,0.5833,0.3333,0.8333,1.000,12.82
qwen3.5:4b,HOME-06,12,12,0.4167,0.4167,0.1667,0.6667,1.000,29.26
aya-expanse:8b,HOME-06,0,1,0.0000,0.0000,0.0000,0.0000,0.000,
bge-m3:latest,HOME-06,0,1,0.0000,0.0000,0.0000,0.0000,0.000,
functiongemma:270m,HOME-06,0,1,0.0000,0.0000,0.0000,0.0000,0.000,
glm-ocr:latest,HOME-06,0,1,0.0000,0.0000,0.0000,0.0000,0.000,
granite3.2-vision:2b,HOME-06,0,1,0.0000,0.0000,0.0000,0.0000,0.000,
lfm2.5:8b,HOME-06,0,1,0.0000,0.0000,0.0000,0.0000,0.000,
llama-guard3:8b,HOME-06,0,1,0.0000,0.0000,0.0000,0.0000,0.000,
nomic-embed-text:latest,HOME-06,0,1,0.0000,0.0000,0.0000,0.0000,0.000,
nuextract:3.8b,HOME-06,0,1,0.0000,0.0000,0.0000,0.0000,0.000,
qwen2.5vl:7b,HOME-06,0,1,0.0000,0.0000,0.0000,0.0000,0.000,
reader-lm:1.5b,HOME-06,0,1,0.0000,0.0000,0.0000,0.0000,0.000,
sqlcoder:7b,HOME-06,0,1,0.0000,0.0000,0.0000,0.0000,0.000,
qwen3.5:4b,HOME-07,16,16,1.0000,0.3125,1.0000,1.0000,1.000,0.65
gemma3:12b,HOME-07,10,16,1.0000,0.2000,1.0000,1.0000,0.625,2.86
qwen2.5vl:7b,HOME-07,16,16,0.8750,0.8750,0.6875,1.0000,1.000,1.04
granite3.2-vision:2b,HOME-07,16,16,0.0000,0.0000,0.0000,0.0000,1.000,2.76
aya-expanse:8b,HOME-07,0,1,0.0000,0.0000,0.0000,0.0000,0.000,
bge-m3:latest,HOME-07,0,1,0.0000,0.0000,0.0000,0.0000,0.000,
command-r7b:7b,HOME-07,0,1,0.0000,0.0000,0.0000,0.0000,0.000,
deepseek-r1:8b,HOME-07,0,1,0.0000,0.0000,0.0000,0.0000,0.000,
functiongemma:270m,HOME-07,0,1,0.0000,0.0000,0.0000,0.0000,0.000,
glm-ocr:latest,HOME-07,0,1,0.0000,0.0000,0.0000,0.0000,0.000,
granite-code:8b-instruct,HOME-07,0,1,0.0000,0.0000,0.0000,0.0000,0.000,
lfm2.5:8b,HOME-07,0,1,0.0000,0.0000,0.0000,0.0000,0.000,
llama-guard3:8b,HOME-07,0,1,0.0000,0.0000,0.0000,0.0000,0.000,
llama3.1:8b,HOME-07,0,1,0.0000,0.0000,0.0000,0.0000,0.000,
mistral-nemo:12b,HOME-07,0,1,0.0000,0.0000,0.0000,0.0000,0.000,
nomic-embed-text:latest,HOME-07,0,1,0.0000,0.0000,0.0000,0.0000,0.000,
nuextract:3.8b,HOME-07,0,1,0.0000,0.0000,0.0000,0.0000,0.000,
phi4-mini:latest,HOME-07,0,1,0.0000,0.0000,0.0000,0.0000,0.000,
qwen2.5-coder:7b,HOME-07,0,1,0.0000,0.0000,0.0000,0.0000,0.000,
qwen3:1.7b,HOME-07,0,1,0.0000,0.0000,0.0000,0.0000,0.000,
qwen3:14b,HOME-07,0,1,0.0000,0.0000,0.0000,0.0000,0.000,
qwen3:8b,HOME-07,0,1,0.0000,0.0000,0.0000,0.0000,0.000,
reader-lm:1.5b,HOME-07,0,1,0.0000,0.0000,0.0000,0.0000,0.000,
sqlcoder:7b,HOME-07,0,1,0.0000,0.0000,0.0000,0.0000,0.000,
qwen3:8b,HOME-08,16,32,1.0000,1.0000,1.0000,1.0000,0.500,0.23
llama-guard3:8b,HOME-08,32,32,0.9375,0.9375,0.8438,1.0000,1.000,0.08
deepseek-r1:8b,HOME-08,16,32,0.9375,0.3125,0.8125,1.0000,0.500,6.55
gemma3:12b,HOME-08,16,32,0.9375,0.0000,0.8125,1.0000,0.500,2.15
qwen3:14b,HOME-08,16,32,0.9375,0.9375,0.8125,1.0000,0.500,1.55
qwen3.5:4b,HOME-08,32,32,0.9062,0.9062,0.8125,1.0000,1.000,0.23
aya-expanse:8b,HOME-08,16,32,0.8750,0.6875,0.6875,1.0000,0.500,0.48
mistral-nemo:12b,HOME-08,16,32,0.8750,0.8750,0.6875,1.0000,0.500,0.78
lfm2.5:8b,HOME-08,32,32,0.8125,0.8125,0.6875,0.9375,1.000,1.25
llama3.1:8b,HOME-08,32,32,0.7500,0.7500,0.5938,0.9062,1.000,0.26
phi4-mini:latest,HOME-08,32,32,0.7188,0.0000,0.5625,0.8750,1.000,0.20
qwen3:1.7b,HOME-08,32,32,0.4375,0.4375,0.2812,0.5938,1.000,0.10
command-r7b:7b,HOME-08,16,32,0.0000,0.0000,0.0000,0.0000,0.500,2.64
bge-m3:latest,HOME-08,0,1,0.0000,0.0000,0.0000,0.0000,0.000,
functiongemma:270m,HOME-08,0,1,0.0000,0.0000,0.0000,0.0000,0.000,
glm-ocr:latest,HOME-08,0,1,0.0000,0.0000,0.0000,0.0000,0.000,
granite-code:8b-instruct,HOME-08,0,1,0.0000,0.0000,0.0000,0.0000,0.000,
granite3.2-vision:2b,HOME-08,0,1,0.0000,0.0000,0.0000,0.0000,0.000,
nomic-embed-text:latest,HOME-08,0,1,0.0000,0.0000,0.0000,0.0000,0.000,
nuextract:3.8b,HOME-08,0,1,0.0000,0.0000,0.0000,0.0000,0.000,
qwen2.5-coder:7b,HOME-08,0,1,0.0000,0.0000,0.0000,0.0000,0.000,
qwen2.5vl:7b,HOME-08,0,1,0.0000,0.0000,0.0000,0.0000,0.000,
reader-lm:1.5b,HOME-08,0,1,0.0000,0.0000,0.0000,0.0000,0.000,
sqlcoder:7b,HOME-08,0,1,0.0000,0.0000,0.0000,0.0000,0.000,
llama3.1:8b,HOME-09,8,8,1.0000,1.0000,1.0000,1.0000,1.000,5.62
qwen3.5:4b,HOME-09,8,8,1.0000,1.0000,1.0000,1.0000,1.000,2.67
deepseek-r1:8b,HOME-09,4,8,1.0000,1.0000,1.0000,1.0000,0.500,78.02
gemma3:12b,HOME-09,4,8,1.0000,0.0000,1.0000,1.0000,0.500,13.44
qwen3:14b,HOME-09,4,8,1.0000,1.0000,1.0000,1.0000,0.500,21.74
qwen3:8b,HOME-09,4,8,1.0000,1.0000,1.0000,1.0000,0.500,8.07
qwen3:1.7b,HOME-09,8,8,0.6250,0.6250,0.2500,0.8750,1.000,1.30
mistral-nemo:12b,HOME-09,4,8,0.5000,0.5000,0.0000,1.0000,0.500,13.77
lfm2.5:8b,HOME-09,8,8,0.3750,0.3750,0.1250,0.7500,1.000,12.88
phi4-mini:latest,HOME-09,8,8,0.3750,0.3750,0.1250,0.7500,1.000,2.14
aya-expanse:8b,HOME-09,0,1,0.0000,0.0000,0.0000,0.0000,0.000,
bge-m3:latest,HOME-09,0,1,0.0000,0.0000,0.0000,0.0000,0.000,
command-r7b:7b,HOME-09,0,1,0.0000,0.0000,0.0000,0.0000,0.000,
functiongemma:270m,HOME-09,0,1,0.0000,0.0000,0.0000,0.0000,0.000,
glm-ocr:latest,HOME-09,0,1,0.0000,0.0000,0.0000,0.0000,0.000,
granite-code:8b-instruct,HOME-09,0,1,0.0000,0.0000,0.0000,0.0000,0.000,
granite3.2-vision:2b,HOME-09,0,1,0.0000,0.0000,0.0000,0.0000,0.000,
llama-guard3:8b,HOME-09,0,1,0.0000,0.0000,0.0000,0.0000,0.000,
nomic-embed-text:latest,HOME-09,0,1,0.0000,0.0000,0.0000,0.0000,0.000,
nuextract:3.8b,HOME-09,0,1,0.0000,0.0000,0.0000,0.0000,0.000,
qwen2.5-coder:7b,HOME-09,0,1,0.0000,0.0000,0.0000,0.0000,0.000,
qwen2.5vl:7b,HOME-09,0,1,0.0000,0.0000,0.0000,0.0000,0.000,
reader-lm:1.5b,HOME-09,0,1,0.0000,0.0000,0.0000,0.0000,0.000,
sqlcoder:7b,HOME-09,0,1,0.0000,0.0000,0.0000,0.0000,0.000,
llama3.1:8b,HOME-10,3,3,0.0417,0.0000,0.0000,0.0833,1.000,34.40
mistral-nemo:12b,HOME-10,3,3,0.0417,0.0000,0.0000,0.1250,1.000,93.60
lfm2.5:8b,HOME-10,3,3,0.0000,0.0000,0.0000,0.0000,1.000,20.62
phi4-mini:latest,HOME-10,3,3,0.0000,0.0000,0.0000,0.0000,1.000,19.12
deepseek-r1:8b,HOME-10,2,3,0.0000,0.0000,0.0000,0.0000,0.667,349.33
qwen3.5:4b,HOME-10,2,3,0.0000,0.0000,0.0000,0.0000,0.667,10.49
qwen3:1.7b,HOME-10,2,3,0.0000,0.0000,0.0000,0.0000,0.667,12.56
qwen3:14b,HOME-10,2,3,0.0000,0.0000,0.0000,0.0000,0.667,408.76
qwen3:8b,HOME-10,2,3,0.0000,0.0000,0.0000,0.0000,0.667,121.76
aya-expanse:8b,HOME-10,0,1,0.0000,0.0000,0.0000,0.0000,0.000,
bge-m3:latest,HOME-10,0,1,0.0000,0.0000,0.0000,0.0000,0.000,
command-r7b:7b,HOME-10,0,1,0.0000,0.0000,0.0000,0.0000,0.000,
functiongemma:270m,HOME-10,0,1,0.0000,0.0000,0.0000,0.0000,0.000,
gemma3:12b,HOME-10,0,3,0.0000,0.0000,0.0000,0.0000,0.000,
glm-ocr:latest,HOME-10,0,1,0.0000,0.0000,0.0000,0.0000,0.000,
granite-code:8b-instruct,HOME-10,0,1,0.0000,0.0000,0.0000,0.0000,0.000,
granite3.2-vision:2b,HOME-10,0,1,0.0000,0.0000,0.0000,0.0000,0.000,
llama-guard3:8b,HOME-10,0,1,0.0000,0.0000,0.0000,0.0000,0.000,
nomic-embed-text:latest,HOME-10,0,1,0.0000,0.0000,0.0000,0.0000,0.000,
nuextract:3.8b,HOME-10,0,1,0.0000,0.0000,0.0000,0.0000,0.000,
qwen2.5-coder:7b,HOME-10,0,1,0.0000,0.0000,0.0000,0.0000,0.000,
qwen2.5vl:7b,HOME-10,0,1,0.0000,0.0000,0.0000,0.0000,0.000,
reader-lm:1.5b,HOME-10,0,1,0.0000,0.0000,0.0000,0.0000,0.000,
sqlcoder:7b,HOME-10,0,1,0.0000,0.0000,0.0000,0.0000,0.000,
nomic-embed-text:latest,HOME-11,30,30,0.9797,0.9797,0.9593,1.0000,1.000,0.00
bge-m3:latest,HOME-11,30,30,0.9545,0.9545,0.9214,0.9852,1.000,0.00
aya-expanse:8b,HOME-11,0,1,0.0000,0.0000,0.0000,0.0000,0.000,
command-r7b:7b,HOME-11,0,1,0.0000,0.0000,0.0000,0.0000,0.000,
deepseek-r1:8b,HOME-11,0,1,0.0000,0.0000,0.0000,0.0000,0.000,
functiongemma:270m,HOME-11,0,1,0.0000,0.0000,0.0000,0.0000,0.000,
gemma3:12b,HOME-11,0,1,0.0000,0.0000,0.0000,0.0000,0.000,
glm-ocr:latest,HOME-11,0,1,0.0000,0.0000,0.0000,0.0000,0.000,
granite-code:8b-instruct,HOME-11,0,1,0.0000,0.0000,0.0000,0.0000,0.000,
granite3.2-vision:2b,HOME-11,0,1,0.0000,0.0000,0.0000,0.0000,0.000,
lfm2.5:8b,HOME-11,0,1,0.0000,0.0000,0.0000,0.0000,0.000,
llama-guard3:8b,HOME-11,0,1,0.0000,0.0000,0.0000,0.0000,0.000,
llama3.1:8b,HOME-11,0,1,0.0000,0.0000,0.0000,0.0000,0.000,
mistral-nemo:12b,HOME-11,0,1,0.0000,0.0000,0.0000,0.0000,0.000,
nuextract:3.8b,HOME-11,0,1,0.0000,0.0000,0.0000,0.0000,0.000,
phi4-mini:latest,HOME-11,0,1,0.0000,0.0000,0.0000,0.0000,0.000,
qwen2.5-coder:7b,HOME-11,0,1,0.0000,0.0000,0.0000,0.0000,0.000,
qwen2.5vl:7b,HOME-11,0,1,0.0000,0.0000,0.0000,0.0000,0.000,
qwen3.5:4b,HOME-11,0,1,0.0000,0.0000,0.0000,0.0000,0.000,
qwen3:1.7b,HOME-11,0,1,0.0000,0.0000,0.0000,0.0000,0.000,
qwen3:14b,HOME-11,0,1,0.0000,0.0000,0.0000,0.0000,0.000,
qwen3:8b,HOME-11,0,1,0.0000,0.0000,0.0000,0.0000,0.000,
reader-lm:1.5b,HOME-11,0,1,0.0000,0.0000,0.0000,0.0000,0.000,
sqlcoder:7b,HOME-11,0,1,0.0000,0.0000,0.0000,0.0000,0.000,
llama3.1:8b,HOME-12,12,12,1.0000,1.0000,1.0000,1.0000,1.000,1.56
gemma3:12b,HOME-12,8,12,1.0000,0.0000,1.0000,1.0000,0.667,12.47
qwen3:14b,HOME-12,8,12,1.0000,1.0000,1.0000,1.0000,0.667,12.02
qwen3:1.7b,HOME-12,12,12,0.9838,0.9838,0.9653,1.0000,1.000,0.63
qwen3.5:4b,HOME-12,12,12,0.9762,0.9762,0.9524,1.0000,1.000,1.54
phi4-mini:latest,HOME-12,12,12,0.9734,0.9734,0.9444,1.0000,1.000,1.00
qwen3:8b,HOME-12,8,12,0.9650,0.9650,0.9315,1.0000,0.667,1.71
command-r7b:7b,HOME-12,8,12,0.9583,0.9583,0.9167,1.0000,0.667,2.11
deepseek-r1:8b,HOME-12,8,12,0.9397,0.6897,0.8839,0.9844,0.667,9.07
nuextract:3.8b,HOME-12,12,12,0.9346,0.9346,0.8949,0.9755,1.000,1.32
qwen2.5-coder:7b,HOME-12,12,12,0.9317,0.9317,0.8917,0.9692,1.000,1.61
lfm2.5:8b,HOME-12,12,12,0.9047,0.9047,0.8390,0.9582,1.000,4.08
aya-expanse:8b,HOME-12,8,12,0.8998,0.5828,0.8562,0.9472,0.667,2.29
mistral-nemo:12b,HOME-12,8,12,0.2500,0.2500,0.0000,0.5000,0.667,5.40
bge-m3:latest,HOME-12,0,1,0.0000,0.0000,0.0000,0.0000,0.000,
functiongemma:270m,HOME-12,0,1,0.0000,0.0000,0.0000,0.0000,0.000,
glm-ocr:latest,HOME-12,0,1,0.0000,0.0000,0.0000,0.0000,0.000,
granite-code:8b-instruct,HOME-12,0,1,0.0000,0.0000,0.0000,0.0000,0.000,
granite3.2-vision:2b,HOME-12,0,1,0.0000,0.0000,0.0000,0.0000,0.000,
llama-guard3:8b,HOME-12,0,1,0.0000,0.0000,0.0000,0.0000,0.000,
nomic-embed-text:latest,HOME-12,0,1,0.0000,0.0000,0.0000,0.0000,0.000,
qwen2.5vl:7b,HOME-12,0,1,0.0000,0.0000,0.0000,0.0000,0.000,
reader-lm:1.5b,HOME-12,0,1,0.0000,0.0000,0.0000,0.0000,0.000,
sqlcoder:7b,HOME-12,0,1,0.0000,0.0000,0.0000,0.0000,0.000,
lfm2.5:8b,HOME-13,20,20,1.0000,1.0000,1.0000,1.0000,1.000,1.10
qwen3.5:4b,HOME-13,20,20,1.0000,1.0000,1.0000,1.0000,1.000,3.22
qwen3:1.7b,HOME-13,20,20,1.0000,1.0000,1.0000,1.0000,1.000,0.87
command-r7b:7b,HOME-13,10,20,1.0000,0.3000,1.0000,1.0000,0.500,3.50
gemma3:12b,HOME-13,10,20,1.0000,1.0000,1.0000,1.0000,0.500,28.38
qwen3:8b,HOME-13,10,20,1.0000,1.0000,1.0000,1.0000,0.500,2.57
qwen2.5-coder:7b,HOME-13,20,20,0.9500,0.9500,0.8500,1.0000,1.000,3.04
phi4-mini:latest,HOME-13,20,20,0.9000,0.9000,0.7500,1.0000,1.000,1.49
mistral-nemo:12b,HOME-13,10,20,0.9000,0.6000,0.7000,1.0000,0.500,8.68
qwen3:14b,HOME-13,10,20,0.9000,0.9000,0.7000,1.0000,0.500,20.15
llama3.1:8b,HOME-13,20,20,0.8500,0.8500,0.7000,1.0000,1.000,2.68
aya-expanse:8b,HOME-13,10,20,0.8000,0.6000,0.5000,1.0000,0.500,1.94
deepseek-r1:8b,HOME-13,10,20,0.8000,0.8000,0.5000,1.0000,0.500,33.55
bge-m3:latest,HOME-13,0,1,0.0000,0.0000,0.0000,0.0000,0.000,
functiongemma:270m,HOME-13,0,1,0.0000,0.0000,0.0000,0.0000,0.000,
glm-ocr:latest,HOME-13,0,1,0.0000,0.0000,0.0000,0.0000,0.000,
granite-code:8b-instruct,HOME-13,0,1,0.0000,0.0000,0.0000,0.0000,0.000,
granite3.2-vision:2b,HOME-13,0,1,0.0000,0.0000,0.0000,0.0000,0.000,
llama-guard3:8b,HOME-13,0,1,0.0000,0.0000,0.0000,0.0000,0.000,
nomic-embed-text:latest,HOME-13,0,1,0.0000,0.0000,0.0000,0.0000,0.000,
nuextract:3.8b,HOME-13,0,1,0.0000,0.0000,0.0000,0.0000,0.000,
qwen2.5vl:7b,HOME-13,0,1,0.0000,0.0000,0.0000,0.0000,0.000,
reader-lm:1.5b,HOME-13,0,1,0.0000,0.0000,0.0000,0.0000,0.000,
sqlcoder:7b,HOME-13,0,1,0.0000,0.0000,0.0000,0.0000,0.000,
phi4-mini:latest,HOME-14,16,16,0.9705,0.8125,0.9349,1.0000,1.000,0.89
gemma3:12b,HOME-14,8,16,0.9583,0.7500,0.9028,1.0000,0.500,12.30
command-r7b:7b,HOME-14,8,16,0.9566,0.6250,0.9132,0.9861,0.500,1.90
mistral-nemo:12b,HOME-14,8,16,0.8663,0.6250,0.7101,0.9722,0.500,3.52
qwen2.5-coder:7b,HOME-14,16,16,0.8646,0.7500,0.7300,0.9722,1.000,1.29
granite-code:8b-instruct,HOME-14,16,16,0.8056,0.0000,0.6571,0.9453,1.000,1.50
llama3.1:8b,HOME-14,16,16,0.7691,0.4375,0.5677,0.9340,1.000,3.25
qwen3:14b,HOME-14,8,16,0.7500,0.7500,0.3750,1.0000,0.500,203.26
qwen3:8b,HOME-14,8,16,0.6250,0.6250,0.2500,0.8750,0.500,25.36
qwen3:1.7b,HOME-14,16,16,0.6016,0.5000,0.3672,0.8281,1.000,11.04
qwen3.5:4b,HOME-14,16,16,0.4453,0.4375,0.2500,0.6875,1.000,34.13
deepseek-r1:8b,HOME-14,8,16,0.1250,0.0000,0.0000,0.3750,0.500,55.80
aya-expanse:8b,HOME-14,0,1,0.0000,0.0000,0.0000,0.0000,0.000,
bge-m3:latest,HOME-14,0,1,0.0000,0.0000,0.0000,0.0000,0.000,
functiongemma:270m,HOME-14,0,1,0.0000,0.0000,0.0000,0.0000,0.000,
glm-ocr:latest,HOME-14,0,1,0.0000,0.0000,0.0000,0.0000,0.000,
granite3.2-vision:2b,HOME-14,0,1,0.0000,0.0000,0.0000,0.0000,0.000,
lfm2.5:8b,HOME-14,0,1,0.0000,0.0000,0.0000,0.0000,0.000,
llama-guard3:8b,HOME-14,0,1,0.0000,0.0000,0.0000,0.0000,0.000,
nomic-embed-text:latest,HOME-14,0,1,0.0000,0.0000,0.0000,0.0000,0.000,
nuextract:3.8b,HOME-14,0,1,0.0000,0.0000,0.0000,0.0000,0.000,
qwen2.5vl:7b,HOME-14,0,1,0.0000,0.0000,0.0000,0.0000,0.000,
reader-lm:1.5b,HOME-14,0,1,0.0000,0.0000,0.0000,0.0000,0.000,
sqlcoder:7b,HOME-14,0,1,0.0000,0.0000,0.0000,0.0000,0.000,
qwen2.5vl:7b,HOME-15,12,12,0.5000,0.0000,0.2500,0.7500,1.000,1.89
aya-expanse:8b,HOME-15,0,1,0.0000,0.0000,0.0000,0.0000,0.000,
bge-m3:latest,HOME-15,0,1,0.0000,0.0000,0.0000,0.0000,0.000,
command-r7b:7b,HOME-15,0,1,0.0000,0.0000,0.0000,0.0000,0.000,
deepseek-r1:8b,HOME-15,0,1,0.0000,0.0000,0.0000,0.0000,0.000,
functiongemma:270m,HOME-15,0,1,0.0000,0.0000,0.0000,0.0000,0.000,
gemma3:12b,HOME-15,0,1,0.0000,0.0000,0.0000,0.0000,0.000,
glm-ocr:latest,HOME-15,0,1,0.0000,0.0000,0.0000,0.0000,0.000,
granite-code:8b-instruct,HOME-15,0,1,0.0000,0.0000,0.0000,0.0000,0.000,
granite3.2-vision:2b,HOME-15,0,1,0.0000,0.0000,0.0000,0.0000,0.000,
lfm2.5:8b,HOME-15,0,1,0.0000,0.0000,0.0000,0.0000,0.000,
llama-guard3:8b,HOME-15,0,1,0.0000,0.0000,0.0000,0.0000,0.000,
llama3.1:8b,HOME-15,0,1,0.0000,0.0000,0.0000,0.0000,0.000,
mistral-nemo:12b,HOME-15,0,1,0.0000,0.0000,0.0000,0.0000,0.000,
nomic-embed-text:latest,HOME-15,0,1,0.0000,0.0000,0.0000,0.0000,0.000,
nuextract:3.8b,HOME-15,0,1,0.0000,0.0000,0.0000,0.0000,0.000,
phi4-mini:latest,HOME-15,0,1,0.0000,0.0000,0.0000,0.0000,0.000,
qwen2.5-coder:7b,HOME-15,0,1,0.0000,0.0000,0.0000,0.0000,0.000,
qwen3.5:4b,HOME-15,0,1,0.0000,0.0000,0.0000,0.0000,0.000,
qwen3:1.7b,HOME-15,0,1,0.0000,0.0000,0.0000,0.0000,0.000,
qwen3:14b,HOME-15,0,1,0.0000,0.0000,0.0000,0.0000,0.000,
qwen3:8b,HOME-15,0,1,0.0000,0.0000,0.0000,0.0000,0.000,
reader-lm:1.5b,HOME-15,0,1,0.0000,0.0000,0.0000,0.0000,0.000,
sqlcoder:7b,HOME-15,0,1,0.0000,0.0000,0.0000,0.0000,0.000,
gemma3:12b,HOME-16,20,40,0.9500,0.0500,0.8500,1.0000,0.500,3.96
mistral-nemo:12b,HOME-16,20,40,0.9500,0.9500,0.8500,1.0000,0.500,1.18
qwen3:14b,HOME-16,20,40,0.9500,0.9500,0.8500,1.0000,0.500,1.99
aya-expanse:8b,HOME-16,20,40,0.9000,0.0000,0.7500,1.0000,0.500,0.60
qwen3.5:4b,HOME-16,40,40,0.8750,0.8750,0.7750,0.9750,1.000,0.36
command-r7b:7b,HOME-16,20,40,0.8500,0.7500,0.7000,1.0000,0.500,0.69
qwen3:8b,HOME-16,20,40,0.8500,0.8500,0.7000,1.0000,0.500,0.34
lfm2.5:8b,HOME-16,40,40,0.8250,0.8250,0.7000,0.9250,1.000,2.21
llama3.1:8b,HOME-16,40,40,0.8250,0.8250,0.7000,0.9250,1.000,0.33
qwen3:1.7b,HOME-16,40,40,0.8000,0.8000,0.6750,0.9250,1.000,0.13
deepseek-r1:8b,HOME-16,20,40,0.8000,0.5500,0.6000,0.9500,0.500,6.14
phi4-mini:latest,HOME-16,40,40,0.6000,0.0000,0.4500,0.7500,1.000,0.25
bge-m3:latest,HOME-16,0,1,0.0000,0.0000,0.0000,0.0000,0.000,
functiongemma:270m,HOME-16,0,1,0.0000,0.0000,0.0000,0.0000,0.000,
glm-ocr:latest,HOME-16,0,1,0.0000,0.0000,0.0000,0.0000,0.000,
granite-code:8b-instruct,HOME-16,0,1,0.0000,0.0000,0.0000,0.0000,0.000,
granite3.2-vision:2b,HOME-16,0,1,0.0000,0.0000,0.0000,0.0000,0.000,
llama-guard3:8b,HOME-16,0,1,0.0000,0.0000,0.0000,0.0000,0.000,
nomic-embed-text:latest,HOME-16,0,1,0.0000,0.0000,0.0000,0.0000,0.000,
nuextract:3.8b,HOME-16,0,1,0.0000,0.0000,0.0000,0.0000,0.000,
qwen2.5-coder:7b,HOME-16,0,1,0.0000,0.0000,0.0000,0.0000,0.000,
qwen2.5vl:7b,HOME-16,0,1,0.0000,0.0000,0.0000,0.0000,0.000,
reader-lm:1.5b,HOME-16,0,1,0.0000,0.0000,0.0000,0.0000,0.000,
sqlcoder:7b,HOME-16,0,1,0.0000,0.0000,0.0000,0.0000,0.000,
qwen3:8b,HOME-17,4,6,0.7500,0.7500,0.2500,1.0000,0.667,70.56
qwen3:14b,HOME-17,6,6,0.5000,0.5000,0.1667,0.8333,1.000,899.89
lfm2.5:8b,HOME-17,6,6,0.3333,0.3333,0.0000,0.6667,1.000,27.95
qwen3:1.7b,HOME-17,6,6,0.3333,0.3333,0.0000,0.6667,1.000,33.18
deepseek-r1:8b,HOME-17,4,6,0.2500,0.2500,0.0000,0.7500,0.667,99.43
phi4-mini:latest,HOME-17,6,6,0.1667,0.0000,0.0000,0.5000,1.000,0.54
qwen2.5-coder:7b,HOME-17,6,6,0.0000,0.0000,0.0000,0.0000,1.000,1.36
qwen3.5:4b,HOME-17,6,6,0.0000,0.0000,0.0000,0.0000,1.000,64.08
gemma3:12b,HOME-17,4,6,0.0000,0.0000,0.0000,0.0000,0.667,7.30
llama3.1:8b,HOME-17,4,6,0.0000,0.0000,0.0000,0.0000,0.667,1.15
mistral-nemo:12b,HOME-17,4,6,0.0000,0.0000,0.0000,0.0000,0.667,3.58
aya-expanse:8b,HOME-17,0,1,0.0000,0.0000,0.0000,0.0000,0.000,
bge-m3:latest,HOME-17,0,1,0.0000,0.0000,0.0000,0.0000,0.000,
command-r7b:7b,HOME-17,0,1,0.0000,0.0000,0.0000,0.0000,0.000,
functiongemma:270m,HOME-17,0,1,0.0000,0.0000,0.0000,0.0000,0.000,
glm-ocr:latest,HOME-17,0,1,0.0000,0.0000,0.0000,0.0000,0.000,
granite-code:8b-instruct,HOME-17,0,1,0.0000,0.0000,0.0000,0.0000,0.000,
granite3.2-vision:2b,HOME-17,0,1,0.0000,0.0000,0.0000,0.0000,0.000,
llama-guard3:8b,HOME-17,0,1,0.0000,0.0000,0.0000,0.0000,0.000,
nomic-embed-text:latest,HOME-17,0,1,0.0000,0.0000,0.0000,0.0000,0.000,
nuextract:3.8b,HOME-17,0,1,0.0000,0.0000,0.0000,0.0000,0.000,
qwen2.5vl:7b,HOME-17,0,1,0.0000,0.0000,0.0000,0.0000,0.000,
reader-lm:1.5b,HOME-17,0,1,0.0000,0.0000,0.0000,0.0000,0.000,
sqlcoder:7b,HOME-17,0,1,0.0000,0.0000,0.0000,0.0000,0.000,
mistral-nemo:12b,HOME-18,6,10,1.0000,1.0000,1.0000,1.0000,0.600,4.08
qwen3:14b,HOME-18,6,10,1.0000,1.0000,1.0000,1.0000,0.600,8.33
llama3.1:8b,HOME-18,10,10,0.8500,0.8000,0.6000,1.0000,1.000,0.86
qwen3:1.7b,HOME-18,10,10,0.8500,0.7000,0.7000,1.0000,1.000,0.35
qwen3:8b,HOME-18,10,10,0.8500,0.8000,0.6000,1.0000,1.000,0.95
lfm2.5:8b,HOME-18,10,10,0.5500,0.4000,0.3000,0.8000,1.000,2.44
phi4-mini:latest,HOME-18,10,10,0.4500,0.1000,0.2500,0.6500,1.000,0.25
qwen3.5:4b,HOME-18,10,10,0.4500,0.4000,0.1500,0.7500,1.000,2.02
command-r7b:7b,HOME-18,6,10,0.3333,0.0000,0.1667,0.5000,0.600,1.26
deepseek-r1:8b,HOME-18,6,10,0.3333,0.0000,0.1667,0.5000,0.600,6.87
aya-expanse:8b,HOME-18,0,1,0.0000,0.0000,0.0000,0.0000,0.000,
bge-m3:latest,HOME-18,0,1,0.0000,0.0000,0.0000,0.0000,0.000,
functiongemma:270m,HOME-18,0,1,0.0000,0.0000,0.0000,0.0000,0.000,
gemma3:12b,HOME-18,0,1,0.0000,0.0000,0.0000,0.0000,0.000,
glm-ocr:latest,HOME-18,0,1,0.0000,0.0000,0.0000,0.0000,0.000,
granite-code:8b-instruct,HOME-18,0,1,0.0000,0.0000,0.0000,0.0000,0.000,
granite3.2-vision:2b,HOME-18,0,1,0.0000,0.0000,0.0000,0.0000,0.000,
llama-guard3:8b,HOME-18,0,1,0.0000,0.0000,0.0000,0.0000,0.000,
nomic-embed-text:latest,HOME-18,0,1,0.0000,0.0000,0.0000,0.0000,0.000,
nuextract:3.8b,HOME-18,0,1,0.0000,0.0000,0.0000,0.0000,0.000,
qwen2.5-coder:7b,HOME-18,0,1,0.0000,0.0000,0.0000,0.0000,0.000,
qwen2.5vl:7b,HOME-18,0,1,0.0000,0.0000,0.0000,0.0000,0.000,
reader-lm:1.5b,HOME-18,0,1,0.0000,0.0000,0.0000,0.0000,0.000,
sqlcoder:7b,HOME-18,0,1,0.0000,0.0000,0.0000,0.0000,0.000,
qwen3:8b,HOME-19,4,8,0.9704,0.9704,0.9633,0.9776,0.500,4.61
mistral-nemo:12b,HOME-19,4,8,0.9630,0.9630,0.9583,0.9678,0.500,16.19
qwen3.5:4b,HOME-19,8,8,0.9588,0.9588,0.9453,0.9710,1.000,2.04
qwen3:14b,HOME-19,4,8,0.9548,0.9548,0.9182,0.9805,0.500,26.31
qwen2.5-coder:7b,HOME-19,8,8,0.9487,0.9487,0.9120,0.9714,1.000,2.75
deepseek-r1:8b,HOME-19,4,8,0.9482,0.9482,0.9055,0.9792,0.500,33.61
reader-lm:1.5b,HOME-19,8,8,0.9172,0.9172,0.9108,0.9232,1.000,1.09
llama3.1:8b,HOME-19,8,8,0.8881,0.8881,0.8654,0.9136,1.000,2.70
phi4-mini:latest,HOME-19,8,8,0.8741,0.8741,0.7884,0.9349,1.000,1.82
gemma3:12b,HOME-19,4,8,0.8242,0.8242,0.8200,0.8283,0.500,23.25
qwen3:1.7b,HOME-19,8,8,0.6828,0.6828,0.5562,0.8022,1.000,0.78
lfm2.5:8b,HOME-19,8,8,0.5167,0.5167,0.3883,0.6351,1.000,7.42
aya-expanse:8b,HOME-19,0,1,0.0000,0.0000,0.0000,0.0000,0.000,
bge-m3:latest,HOME-19,0,1,0.0000,0.0000,0.0000,0.0000,0.000,
command-r7b:7b,HOME-19,0,1,0.0000,0.0000,0.0000,0.0000,0.000,
functiongemma:270m,HOME-19,0,1,0.0000,0.0000,0.0000,0.0000,0.000,
glm-ocr:latest,HOME-19,0,1,0.0000,0.0000,0.0000,0.0000,0.000,
granite-code:8b-instruct,HOME-19,0,1,0.0000,0.0000,0.0000,0.0000,0.000,
granite3.2-vision:2b,HOME-19,0,1,0.0000,0.0000,0.0000,0.0000,0.000,
llama-guard3:8b,HOME-19,0,1,0.0000,0.0000,0.0000,0.0000,0.000,
nomic-embed-text:latest,HOME-19,0,1,0.0000,0.0000,0.0000,0.0000,0.000,
nuextract:3.8b,HOME-19,0,1,0.0000,0.0000,0.0000,0.0000,0.000,
qwen2.5vl:7b,HOME-19,0,1,0.0000,0.0000,0.0000,0.0000,0.000,
sqlcoder:7b,HOME-19,0,1,0.0000,0.0000,0.0000,0.0000,0.000,
qwen3:14b,HOME-20,12,20,0.9788,0.8333,0.9484,1.0000,0.600,4.16
phi4-mini:latest,HOME-20,20,20,0.9373,0.8500,0.8357,1.0000,1.000,0.38
qwen2.5-coder:7b,HOME-20,20,20,0.9373,0.8500,0.8302,1.0000,1.000,0.54
qwen3:8b,HOME-20,12,20,0.8955,0.7500,0.7196,1.0000,0.600,0.53
gemma3:12b,HOME-20,12,20,0.8816,0.6667,0.7037,0.9881,0.600,5.88
mistral-nemo:12b,HOME-20,12,20,0.8552,0.7500,0.6667,0.9861,0.600,2.33
granite-code:8b-instruct,HOME-20,12,20,0.7857,0.3333,0.5357,1.0000,0.600,0.88
qwen3.5:4b,HOME-20,20,20,0.7694,0.7000,0.5889,0.9250,1.000,0.52
lfm2.5:8b,HOME-20,20,20,0.7373,0.6500,0.5278,0.9000,1.000,1.66
llama3.1:8b,HOME-20,20,20,0.7048,0.6500,0.5048,0.8714,1.000,0.54
qwen3:1.7b,HOME-20,20,20,0.6538,0.5500,0.4500,0.8409,1.000,0.18
command-r7b:7b,HOME-20,12,20,0.5833,0.5833,0.3333,0.8333,0.600,0.82
sqlcoder:7b,HOME-20,20,20,0.5589,0.4500,0.3458,0.7631,1.000,0.85
deepseek-r1:8b,HOME-20,12,20,0.3333,0.3333,0.0833,0.5833,0.600,21.24
aya-expanse:8b,HOME-20,0,1,0.0000,0.0000,0.0000,0.0000,0.000,
bge-m3:latest,HOME-20,0,1,0.0000,0.0000,0.0000,0.0000,0.000,
functiongemma:270m,HOME-20,0,1,0.0000,0.0000,0.0000,0.0000,0.000,
glm-ocr:latest,HOME-20,0,1,0.0000,0.0000,0.0000,0.0000,0.000,
granite3.2-vision:2b,HOME-20,0,1,0.0000,0.0000,0.0000,0.0000,0.000,
llama-guard3:8b,HOME-20,0,1,0.0000,0.0000,0.0000,0.0000,0.000,
nomic-embed-text:latest,HOME-20,0,1,0.0000,0.0000,0.0000,0.0000,0.000,
nuextract:3.8b,HOME-20,0,1,0.0000,0.0000,0.0000,0.0000,0.000,
qwen2.5vl:7b,HOME-20,0,1,0.0000,0.0000,0.0000,0.0000,0.000,
reader-lm:1.5b,HOME-20,0,1,0.0000,0.0000,0.0000,0.0000,0.000,
qwen3:14b,HOME-21,5,8,0.8000,0.8000,0.4000,1.0000,0.625,15.05
qwen3.5:4b,HOME-21,8,8,0.6250,0.1250,0.3125,0.8750,1.000,4.11
qwen3:1.7b,HOME-21,8,8,0.5625,0.3750,0.3125,0.8750,1.000,1.00
qwen3:8b,HOME-21,5,8,0.5000,0.4000,0.1000,0.9000,0.625,1.93
llama3.1:8b,HOME-21,5,8,0.4000,0.2000,0.1000,0.7000,0.625,2.11
mistral-nemo:12b,HOME-21,5,8,0.4000,0.2000,0.1000,0.7000,0.625,7.67
lfm2.5:8b,HOME-21,8,8,0.3750,0.2500,0.1250,0.6875,1.000,7.12
command-r7b:7b,HOME-21,5,8,0.3000,0.0000,0.1000,0.5000,0.625,1.25
deepseek-r1:8b,HOME-21,5,8,0.3000,0.0000,0.1000,0.5000,0.625,4.65
phi4-mini:latest,HOME-21,8,8,0.2500,0.0000,0.0625,0.4375,1.000,0.91
aya-expanse:8b,HOME-21,0,1,0.0000,0.0000,0.0000,0.0000,0.000,
bge-m3:latest,HOME-21,0,1,0.0000,0.0000,0.0000,0.0000,0.000,
functiongemma:270m,HOME-21,0,1,0.0000,0.0000,0.0000,0.0000,0.000,
gemma3:12b,HOME-21,0,1,0.0000,0.0000,0.0000,0.0000,0.000,
glm-ocr:latest,HOME-21,0,1,0.0000,0.0000,0.0000,0.0000,0.000,
granite-code:8b-instruct,HOME-21,0,1,0.0000,0.0000,0.0000,0.0000,0.000,
granite3.2-vision:2b,HOME-21,0,1,0.0000,0.0000,0.0000,0.0000,0.000,
llama-guard3:8b,HOME-21,0,1,0.0000,0.0000,0.0000,0.0000,0.000,
nomic-embed-text:latest,HOME-21,0,1,0.0000,0.0000,0.0000,0.0000,0.000,
nuextract:3.8b,HOME-21,0,1,0.0000,0.0000,0.0000,0.0000,0.000,
qwen2.5-coder:7b,HOME-21,0,1,0.0000,0.0000,0.0000,0.0000,0.000,
qwen2.5vl:7b,HOME-21,0,1,0.0000,0.0000,0.0000,0.0000,0.000,
reader-lm:1.5b,HOME-21,0,1,0.0000,0.0000,0.0000,0.0000,0.000,
sqlcoder:7b,HOME-21,0,1,0.0000,0.0000,0.0000,0.0000,0.000,
qwen3.5:4b,HOME-22,10,10,0.9000,0.9000,0.7000,1.0000,1.000,1.07
aya-expanse:8b,HOME-22,0,1,0.0000,0.0000,0.0000,0.0000,0.000,
bge-m3:latest,HOME-22,0,1,0.0000,0.0000,0.0000,0.0000,0.000,
command-r7b:7b,HOME-22,0,1,0.0000,0.0000,0.0000,0.0000,0.000,
deepseek-r1:8b,HOME-22,0,1,0.0000,0.0000,0.0000,0.0000,0.000,
functiongemma:270m,HOME-22,0,1,0.0000,0.0000,0.0000,0.0000,0.000,
gemma3:12b,HOME-22,0,1,0.0000,0.0000,0.0000,0.0000,0.000,
glm-ocr:latest,HOME-22,0,1,0.0000,0.0000,0.0000,0.0000,0.000,
granite-code:8b-instruct,HOME-22,0,1,0.0000,0.0000,0.0000,0.0000,0.000,
granite3.2-vision:2b,HOME-22,0,1,0.0000,0.0000,0.0000,0.0000,0.000,
lfm2.5:8b,HOME-22,0,1,0.0000,0.0000,0.0000,0.0000,0.000,
llama-guard3:8b,HOME-22,0,1,0.0000,0.0000,0.0000,0.0000,0.000,
llama3.1:8b,HOME-22,0,1,0.0000,0.0000,0.0000,0.0000,0.000,
mistral-nemo:12b,HOME-22,0,1,0.0000,0.0000,0.0000,0.0000,0.000,
nomic-embed-text:latest,HOME-22,0,1,0.0000,0.0000,0.0000,0.0000,0.000,
nuextract:3.8b,HOME-22,0,1,0.0000,0.0000,0.0000,0.0000,0.000,
phi4-mini:latest,HOME-22,0,1,0.0000,0.0000,0.0000,0.0000,0.000,
qwen2.5-coder:7b,HOME-22,0,1,0.0000,0.0000,0.0000,0.0000,0.000,
qwen2.5vl:7b,HOME-22,0,1,0.0000,0.0000,0.0000,0.0000,0.000,
qwen3:1.7b,HOME-22,0,1,0.0000,0.0000,0.0000,0.0000,0.000,
qwen3:14b,HOME-22,0,1,0.0000,0.0000,0.0000,0.0000,0.000,
qwen3:8b,HOME-22,0,1,0.0000,0.0000,0.0000,0.0000,0.000,
reader-lm:1.5b,HOME-22,0,1,0.0000,0.0000,0.0000,0.0000,0.000,
sqlcoder:7b,HOME-22,0,1,0.0000,0.0000,0.0000,0.0000,0.000,
qwen2.5vl:7b,HOME-23,16,16,0.9874,0.9370,0.9631,1.0000,1.000,2.46
qwen3.5:4b,HOME-23,16,16,0.9839,0.8745,0.9586,1.0000,1.000,0.95
gemma3:12b,HOME-23,10,16,0.9795,0.8989,0.9406,1.0000,0.625,5.54
glm-ocr:latest,HOME-23,16,16,0.9453,0.1875,0.8837,0.9878,1.000,4.28
granite3.2-vision:2b,HOME-23,16,16,0.7182,0.4949,0.5300,0.8957,1.000,2.89
aya-expanse:8b,HOME-23,0,1,0.0000,0.0000,0.0000,0.0000,0.000,
bge-m3:latest,HOME-23,0,1,0.0000,0.0000,0.0000,0.0000,0.000,
command-r7b:7b,HOME-23,0,1,0.0000,0.0000,0.0000,0.0000,0.000,
deepseek-r1:8b,HOME-23,0,1,0.0000,0.0000,0.0000,0.0000,0.000,
functiongemma:270m,HOME-23,0,1,0.0000,0.0000,0.0000,0.0000,0.000,
granite-code:8b-instruct,HOME-23,0,1,0.0000,0.0000,0.0000,0.0000,0.000,
lfm2.5:8b,HOME-23,0,1,0.0000,0.0000,0.0000,0.0000,0.000,
llama-guard3:8b,HOME-23,0,1,0.0000,0.0000,0.0000,0.0000,0.000,
llama3.1:8b,HOME-23,0,1,0.0000,0.0000,0.0000,0.0000,0.000,
mistral-nemo:12b,HOME-23,0,1,0.0000,0.0000,0.0000,0.0000,0.000,
nomic-embed-text:latest,HOME-23,0,1,0.0000,0.0000,0.0000,0.0000,0.000,
nuextract:3.8b,HOME-23,0,1,0.0000,0.0000,0.0000,0.0000,0.000,
phi4-mini:latest,HOME-23,0,1,0.0000,0.0000,0.0000,0.0000,0.000,
qwen2.5-coder:7b,HOME-23,0,1,0.0000,0.0000,0.0000,0.0000,0.000,
qwen3:1.7b,HOME-23,0,1,0.0000,0.0000,0.0000,0.0000,0.000,
qwen3:14b,HOME-23,0,1,0.0000,0.0000,0.0000,0.0000,0.000,
qwen3:8b,HOME-23,0,1,0.0000,0.0000,0.0000,0.0000,0.000,
reader-lm:1.5b,HOME-23,0,1,0.0000,0.0000,0.0000,0.0000,0.000,
sqlcoder:7b,HOME-23,0,1,0.0000,0.0000,0.0000,0.0000,0.000,
lfm2.5:8b,HOME-24,30,30,1.0000,1.0000,1.0000,1.0000,1.000,1.11
qwen3:14b,HOME-24,15,30,1.0000,1.0000,1.0000,1.0000,0.500,3.96
qwen3:8b,HOME-24,15,30,1.0000,1.0000,1.0000,1.0000,0.500,0.54
qwen3.5:4b,HOME-24,30,30,0.9667,0.9333,0.9000,1.0000,1.000,0.76
qwen3:1.7b,HOME-24,30,30,0.9667,0.9667,0.9000,1.0000,1.000,0.20
mistral-nemo:12b,HOME-24,15,30,0.8667,0.8667,0.6667,1.0000,0.500,1.74
llama3.1:8b,HOME-24,30,30,0.6000,0.6000,0.4333,0.7667,1.000,0.47
functiongemma:270m,HOME-24,30,30,0.4333,0.3667,0.2667,0.6000,1.000,0.14
phi4-mini:latest,HOME-24,30,30,0.3667,0.3333,0.2000,0.5333,1.000,0.96
command-r7b:7b,HOME-24,15,30,0.3333,0.3333,0.1333,0.6000,0.500,0.72
deepseek-r1:8b,HOME-24,15,30,0.3333,0.3333,0.1333,0.6000,0.500,7.95
aya-expanse:8b,HOME-24,0,1,0.0000,0.0000,0.0000,0.0000,0.000,
bge-m3:latest,HOME-24,0,1,0.0000,0.0000,0.0000,0.0000,0.000,
gemma3:12b,HOME-24,0,1,0.0000,0.0000,0.0000,0.0000,0.000,
glm-ocr:latest,HOME-24,0,1,0.0000,0.0000,0.0000,0.0000,0.000,
granite-code:8b-instruct,HOME-24,0,1,0.0000,0.0000,0.0000,0.0000,0.000,
granite3.2-vision:2b,HOME-24,0,1,0.0000,0.0000,0.0000,0.0000,0.000,
llama-guard3:8b,HOME-24,0,1,0.0000,0.0000,0.0000,0.0000,0.000,
nomic-embed-text:latest,HOME-24,0,1,0.0000,0.0000,0.0000,0.0000,0.000,
nuextract:3.8b,HOME-24,0,1,0.0000,0.0000,0.0000,0.0000,0.000,
qwen2.5-coder:7b,HOME-24,0,1,0.0000,0.0000,0.0000,0.0000,0.000,
qwen2.5vl:7b,HOME-24,0,1,0.0000,0.0000,0.0000,0.0000,0.000,
reader-lm:1.5b,HOME-24,0,1,0.0000,0.0000,0.0000,0.0000,0.000,
sqlcoder:7b,HOME-24,0,1,0.0000,0.0000,0.0000,0.0000,0.000,
aya-expanse:8b,PERF,6,6,1.0000,1.0000,1.0000,1.0000,1.000,2.98
bge-m3:latest,PERF,6,6,1.0000,1.0000,1.0000,1.0000,1.000,0.16
command-r7b:7b,PERF,6,6,1.0000,1.0000,1.0000,1.0000,1.000,2.33
deepseek-r1:8b,PERF,6,6,1.0000,1.0000,1.0000,1.0000,1.000,3.76
functiongemma:270m,PERF,6,6,1.0000,1.0000,1.0000,1.0000,1.000,0.16
gemma3:12b,PERF,6,6,1.0000,1.0000,1.0000,1.0000,1.000,13.59
glm-ocr:latest,PERF,6,6,1.0000,1.0000,1.0000,1.0000,1.000,1.09
granite-code:8b-instruct,PERF,6,6,1.0000,1.0000,1.0000,1.0000,1.000,3.62
granite3.2-vision:2b,PERF,6,6,1.0000,1.0000,1.0000,1.0000,1.000,0.57
lfm2.5:8b,PERF,6,6,1.0000,1.0000,1.0000,1.0000,1.000,1.26
llama-guard3:8b,PERF,6,6,1.0000,1.0000,1.0000,1.0000,1.000,0.24
llama3.1:8b,PERF,6,6,1.0000,1.0000,1.0000,1.0000,1.000,1.74
mistral-nemo:12b,PERF,6,6,1.0000,1.0000,1.0000,1.0000,1.000,3.91
nomic-embed-text:latest,PERF,6,6,1.0000,1.0000,1.0000,1.0000,1.000,0.10
nuextract:3.8b,PERF,6,6,1.0000,1.0000,1.0000,1.0000,1.000,1.86
phi4-mini:latest,PERF,6,6,1.0000,1.0000,1.0000,1.0000,1.000,0.56
qwen2.5-coder:7b,PERF,6,6,1.0000,1.0000,1.0000,1.0000,1.000,0.70
qwen2.5vl:7b,PERF,6,6,1.0000,1.0000,1.0000,1.0000,1.000,1.74
qwen3.5:4b,PERF,6,6,1.0000,1.0000,1.0000,1.0000,1.000,2.89
qwen3:1.7b,PERF,6,6,1.0000,1.0000,1.0000,1.0000,1.000,1.29
qwen3:14b,PERF,6,6,1.0000,1.0000,1.0000,1.0000,1.000,21.76
qwen3:8b,PERF,6,6,1.0000,1.0000,1.0000,1.0000,1.000,3.75
reader-lm:1.5b,PERF,6,6,1.0000,1.0000,1.0000,1.0000,1.000,1.03
sqlcoder:7b,PERF,6,6,1.0000,1.0000,1.0000,1.0000,1.000,2.46
